,exact,sma,ama1,ama2,axa2,axa3
ED,64.0,120.0,35.0,140.0,120.0,120.0
ER,0.25,0.46875,0.13671875,0.546875,0.46875,0.46875
