,sma,ama1,ama2,axa2,axa3
ED,120.0,120.0,192.0,120.0,120.0
ER,0.46875,0.46875,0.75,0.46875,0.46875
