,sma,ama1,ama2,axa2,axa3
ED,70.0,99.0,108.0,112.0,56.0
ER,0.2734375,0.38671875,0.421875,0.4375,0.21875