,edc,adc1,adc2,adc3,adc4,adc5,adc6
ED,0.0,24.0,8.0,64.0,64.0,96.0,64.0
ER,0.0,0.09375,0.03125,0.25,0.25,0.375,0.25
