,mean,std
sma,20.483011937557393,65.51245952443837
ama1,91.57300275482093,43.4142952460068
ama2,34.09366391184573,65.99601864805379
axa2,81.53810835629018,37.693457488372616
axa3,33.23415977961432,70.77171664931898
