,EMA,EXA,SMA,AMA0,AMA2,AXA2,AXA3
delay,4.621e-11,3.814e-10,3.7869999999999994e-11,1.647e-11,2.1320000000000004e-11,2.297e-11,6.391e-11
power,2.1714845599999998e-06,1.149190854e-06,1.5603114799999998e-06,7.414206799999999e-07,1.4284807599999998e-06,1.8605573643999998e-07,2.08654686716e-07
