,EMA,EXA,SMA,AMA1,AMA2,AXA2,AXA3
delay,6.922000000000001e-11,1.1820000000000002e-10,4.1009999999999996e-11,1.334e-11,1.7409999999999998e-11,1.46e-11,6.245e-11
power,1.657920717131474e-06,5.537154559999999e-07,1.0874824800000001e-06,4.4123183999999994e-07,1.01253208e-06,5.2170098091999995e-08,-4.04014184e-09
