EMA,EXA,SMA,AMA1,AMA2,AXA2,AXA3
delay,4.6450000000000005e-11,4.139e-10,3.7890000000000004e-11,1.641e-11,2.139e-11,2.2719999999999997e-11,6.395000000000001e-11
power,2.1829108e-06,1.22877642524e-06,1.56402372e-06,7.4089232e-07,1.4327389999999999e-06,1.7437117319999998e-07,1.9673577607599998e-07
