,EMA,EXA,SMA,AMA1,AMA2,AXA2,AXA3
delay,6.92e-11,1.17e-10,4.613e-11,1.334e-11,1.7409999999999998e-11,1.459e-11,6.525000000000001e-11
power,1.6430444799999998e-06,5.410823656e-07,1.08862684e-06,4.4088099999999994e-07,1.0132007199999997e-06,5.372926047999999e-08,-1.8931520999999992e-09
