,EMA,EXA,SMA,AMA1,AMA2,AXA2,AXA3
delay,2.948e-11,2.5670000000000004e-11,,1.343e-11,,1.2779999999999998e-11,2.188e-11
power,-5.621875e-07,-6.51525e-07,0.0,-3.7316562499999996e-07,-2.2248843749999997e-07,-2.1987437499999998e-07,-2.1654937499999997e-07
