,EMA,EXA,SMA,AMA1,AMA2,AXA2,AXA3
delay,2.949e-11,2.5929999999999998e-11,2.3410000000000003e-11,1.334e-11,1.74e-11,1.2830000000000001e-11,2.195e-11
power,-1.153005e-06,-7.300649999999999e-07,-9.609949999999999e-07,-6.0928e-07,-9.1168e-07,-3.6694e-07,-3.5570499999999997e-07
